{
    "MAE": 0.01061379219526393,
    "RMSE": 0.014209863342535222,
    "R2": -0.1168132661325505
}