{
    "MAE": 0.010613774742844256,
    "RMSE": 0.014209846808552525,
    "R2": -0.11681359407968728
}